Địa phương,Năm,Diện tích(Km2),Dân số trung bình (Nghìn người),Mật độ dân số (Người/km2)
geoId-AGG,2011,3536.7,2097.54,593.08
geoId-AGG,2012,3536.7,2077.94,587.54
geoId-AGG,2013,3536.7,2051.62,580.09
geoId-AGG,2014,3536.7,2024.59,572.45
geoId-AGG,2015,3536.7,2000.9,565.75
geoId-AGG,2016,3536.7,1976.4,558.83
geoId-AGG,2017,3536.7,1954.2,552.55
geoId-AGG,2018,3536.7,1931.0,545.99
geoId-AGG,2019 ,3536.7,1907.4,539.0
geoId-AGG,2020 ,3536.8,1904.53,538.0
geoId-AGG,2021 ,3536.83,1909.51,540.0
geoId-AGG,2022 ,3536.82,1905.52,539.0
geoId-BR-VT,2011,1989.5,1040.8,523.14
geoId-BR-VT,2012,1989.5,1057.84,531.71
geoId-BR-VT,2013,1989.5,1076.85,541.27
geoId-BR-VT,2014,1989.5,1093.37,549.57
geoId-BR-VT,2015,1989.5,1104.3,555.06
geoId-BR-VT,2016,1980.8,1117.6,564.22
geoId-BR-VT,2017,1981.0,1127.2,569.01
geoId-BR-VT,2018,1981.0,1138.3,574.61
geoId-BR-VT,2019 ,1981.0,1152.2,582.0
geoId-BR-VT,2020 ,1982.6,1167.94,589.0
geoId-BR-VT,2021 ,1982.56,1176.08,593.0
geoId-BR-VT,2022 ,1982.56,1178.7,595.0
geoId-BDG,2011,2694.4,1699.93,630.91
geoId-BDG,2012,2694.4,1789.71,664.23
geoId-BDG,2013,2694.4,1873.48,695.32
geoId-BDG,2014,2694.4,1977.84,734.06
geoId-BDG,2015,2694.4,2069.2,767.96
geoId-BDG,2016,2694.7,2138.8,793.71
geoId-BDG,2017,2694.6,2227.2,826.54
geoId-BDG,2018,2694.6,2345.2,870.33
geoId-BDG,2019 ,2694.6,2456.3,912.0
geoId-BDG,2020 ,2694.6,2580.55,958.0
geoId-BDG,2021 ,2694.64,2596.79,964.0
geoId-BDG,2022 ,2694.64,2763.12,1025.0
geoId-BPC,2011,6871.5,899.57,130.91
geoId-BPC,2012,6871.5,911.35,132.63
geoId-BPC,2013,6871.5,923.49,134.39
geoId-BPC,2014,6871.5,934.37,135.98
geoId-BPC,2015,6871.5,947.2,137.84
geoId-BPC,2016,6876.6,962.7,140.0
geoId-BPC,2017,6876.8,972.6,141.43
geoId-BPC,2018,6876.8,984.9,143.22
geoId-BPC,2019 ,6876.8,997.8,145.0
geoId-BPC,2020 ,6873.6,1011.08,147.0
geoId-BPC,2021 ,6873.56,1024.29,149.0
geoId-BPC,2022 ,6873.56,1034.67,151.0
geoId-BTN,2011,7812.9,1180.68,151.12
geoId-BTN,2012,7812.8,1189.59,152.26
geoId-BTN,2013,7812.8,1194.66,152.91
geoId-BTN,2014,7813.1,1197.26,153.24
geoId-BTN,2015,7813.1,1205.4,154.28
geoId-BTN,2016,7944.0,1213.6,152.77
geoId-BTN,2017,7943.9,1220.5,153.64
geoId-BTN,2018,7943.9,1227.3,154.5
geoId-BTN,2019 ,7943.9,1232.3,155.0
geoId-BTN,2020 ,7942.5,1239.26,156.0
geoId-BTN,2021 ,7942.6,1246.31,157.0
geoId-BTN,2022 ,7942.6,1252.06,158.0
geoId-BDH,2011,6050.6,1487.46,245.84
geoId-BDH,2012,6050.6,1487.51,245.84
geoId-BDH,2013,6050.6,1487.55,245.85
geoId-BDH,2014,6050.6,1487.6,245.86
geoId-BDH,2015,6050.6,1487.6,245.86
geoId-BDH,2016,6066.1,1487.7,245.25
geoId-BDH,2017,6066.2,1487.7,245.24
geoId-BDH,2018,6066.2,1487.8,245.26
geoId-BDH,2019 ,6066.2,1487.8,245.0
geoId-BDH,2020 ,6066.4,1487.9,245.0
geoId-BDH,2021 ,6066.4,1508.32,249.0
geoId-BDH,2022 ,6066.4,1504.29,248.0
geoId-BLU,2011,2468.7,866.87,351.15
geoId-BLU,2012,2468.7,872.14,353.28
geoId-BLU,2013,2468.7,877.04,355.26
geoId-BLU,2014,2468.7,882.16,357.34
geoId-BLU,2015,2468.7,887.3,359.42
geoId-BLU,2016,2669.1,892.8,334.49
geoId-BLU,2017,2669.0,897.7,336.34
geoId-BLU,2018,2669.0,903.0,338.33
geoId-BLU,2019 ,2669.0,908.2,340.0
geoId-BLU,2020 ,2667.9,913.48,342.0
geoId-BLU,2021 ,2667.88,918.51,344.0
geoId-BLU,2022 ,2667.88,921.81,346.0
geoId-BGG,2011,3844.0,1586.02,412.6
geoId-BGG,2012,3848.9,1607.77,417.72
geoId-BGG,2013,3849.7,1630.65,423.58
geoId-BGG,2014,3849.5,1646.86,427.81
geoId-BGG,2015,3849.5,1667.0,433.04
geoId-BGG,2016,3895.5,1696.9,435.61
geoId-BGG,2017,3895.5,1736.8,445.85
geoId-BGG,2018,3895.6,1777.5,456.28
geoId-BGG,2019 ,3895.6,1810.4,465.0
geoId-BGG,2020 ,3895.9,1841.62,473.0
geoId-BGG,2021 ,3895.89,1875.24,481.0
geoId-BGG,2022 ,3895.89,1890.93,485.0
geoId-BKN,2011,4859.4,298.69,61.47
geoId-BKN,2012,4859.4,300.8,61.9
geoId-BKN,2013,4859.4,301.73,62.09
geoId-BKN,2014,4859.4,302.94,62.34
geoId-BKN,2015,4859.4,305.6,62.89
geoId-BKN,2016,4860.0,307.7,63.31
geoId-BKN,2017,4860.0,309.9,63.77
geoId-BKN,2018,4860.0,312.0,64.2
geoId-BKN,2019 ,4860.0,314.4,65.0
geoId-BKN,2020 ,4860.0,316.46,65.0
geoId-BKN,2021 ,4859.96,323.71,67.0
geoId-BKN,2022 ,4859.96,324.35,67.0
geoId-BNH,2011,822.7,1072.38,1303.49
geoId-BNH,2012,822.7,1104.69,1342.76
geoId-BNH,2013,822.7,1139.89,1385.54
geoId-BNH,2014,822.7,1177.06,1430.73
geoId-BNH,2015,822.7,1218.5,1481.1
geoId-BNH,2016,822.8,1257.9,1528.8
geoId-BNH,2017,822.7,1297.8,1577.49
geoId-BNH,2018,822.7,1337.3,1625.5
geoId-BNH,2019 ,822.7,1378.6,1676.0
geoId-BNH,2020 ,822.71,1419.13,1725.0
geoId-BNH,2021 ,822.71,1462.95,1778.0
geoId-BNH,2022 ,822.71,1488.2,1809.0
geoId-SCC,2011,95838.0,19116.29,199.46
geoId-SCC,2012,95835.8,19253.84,200.9
geoId-SCC,2013,95834.5,19391.97,202.35
geoId-SCC,2014,95832.4,19511.45,203.6
geoId-SCC,2015,95832.4,19653.7,205.08
geoId-SCC,2016,95871.3,19802.5,206.55
geoId-SCC,2017,95871.9,19949.0,208.08
geoId-SCC,2018,95876.0,20085.1,209.49
geoId-SCC,2019 ,95875.8,20220.4,211.0
geoId-SCC,2020 ,95860.1,20343.18,212.0
geoId-SCC,2021 ,95847.52,20584.91,215.0
geoId-SCC,2022 ,95847.87,20661.65,216.0
geoId-BTE,2011,2360.6,1262.66,534.89
geoId-BTE,2012,2357.7,1266.73,537.28
geoId-BTE,2013,2359.5,1269.72,538.13
geoId-BTE,2014,2359.8,1272.51,539.24
geoId-BTE,2015,2359.8,1275.8,540.64
geoId-BTE,2016,2394.6,1278.6,533.95
geoId-BTE,2017,2394.7,1282.4,535.52
geoId-BTE,2018,2394.8,1286.0,537.0
geoId-BTE,2019 ,2394.8,1289.1,538.0
geoId-BTE,2020 ,2379.7,1292.4,543.0
geoId-BTE,2021 ,2379.7,1295.7,544.0
geoId-BTE,2022 ,2379.7,1298.01,545.0
geoId-CBG,2011,6707.9,514.02,76.63
geoId-CBG,2012,6707.9,515.88,76.91
geoId-CBG,2013,6707.9,517.85,77.2
geoId-CBG,2014,6703.4,519.87,77.55
geoId-CBG,2015,6703.4,522.0,77.87
geoId-CBG,2016,6700.2,524.2,78.24
geoId-CBG,2017,6700.3,526.4,78.56
geoId-CBG,2018,6700.3,528.7,78.91
geoId-CBG,2019 ,6700.3,530.9,79.0
geoId-CBG,2020 ,6700.4,533.09,80.0
geoId-CBG,2021 ,6700.39,542.22,81.0
geoId-CBG,2022 ,6700.39,543.05,81.0
geoId-CMU,2011,5294.9,1204.5,227.48
geoId-CMU,2012,5294.9,1203.46,227.29
geoId-CMU,2013,5294.9,1202.07,227.02
geoId-CMU,2014,5294.9,1200.74,226.77
geoId-CMU,2015,5294.9,1199.5,226.54
geoId-CMU,2016,5221.2,1198.1,229.47
geoId-CMU,2017,5221.2,1197.0,229.26
geoId-CMU,2018,5221.2,1195.6,228.99
geoId-CMU,2019 ,5221.2,1194.3,229.0
geoId-CMU,2020 ,5274.5,1193.89,226.0
geoId-CMU,2021 ,5274.51,1208.75,229.0
geoId-CMU,2022 ,5274.51,1207.63,229.0
geoId-VNM,2011,330957.6,88145.83,266.34
geoId-VNM,2012,330951.1,89202.89,269.53
geoId-VNM,2013,330972.4,90191.42,272.5
geoId-VNM,2014,330966.9,91203.76,275.57
geoId-VNM,2015,330966.9,92228.6,278.66
geoId-VNM,2016,331230.8,93250.7,281.53
geoId-VNM,2017,331230.8,94286.0,284.65
geoId-VNM,2018,331235.7,95385.2,287.97
geoId-VNM,2019 ,331236.0,96484.0,291.0
geoId-VNM,2020 ,331317.1,97582.69,295.0
geoId-VNM,2021 ,331344.27,98506.19,297.0
geoId-VNM,2022 ,331345.7,99474.42,300.0
geoId-CTO,2011,1409.0,1195.93,848.78
geoId-CTO,2012,1409.0,1200.93,852.33
geoId-CTO,2013,1409.0,1203.23,853.96
geoId-CTO,2014,1408.9,1205.72,855.79
geoId-CTO,2015,1408.9,1208.5,857.76
geoId-CTO,2016,1439.2,1214.6,843.94
geoId-CTO,2017,1439.0,1222.4,849.48
geoId-CTO,2018,1439.0,1227.7,853.16
geoId-CTO,2019 ,1439.0,1236.0,859.0
geoId-CTO,2020 ,1440.4,1240.73,861.0
geoId-CTO,2021 ,1440.4,1246.99,866.0
geoId-CTO,2022 ,1440.4,1252.35,869.0
geoId-GLI,2011,15536.9,1336.1,86.0
geoId-GLI,2012,15536.9,1359.97,87.53
geoId-GLI,2013,15536.9,1382.97,89.01
geoId-GLI,2014,15536.9,1403.13,90.31
geoId-GLI,2015,15536.9,1426.4,91.81
geoId-GLI,2016,15510.8,1447.2,93.3
geoId-GLI,2017,15511.0,1468.9,94.7
geoId-GLI,2018,15511.0,1495.7,96.43
geoId-GLI,2019 ,15511.0,1520.2,98.0
geoId-GLI,2020 ,15510.1,1541.83,99.0
geoId-GLI,2021 ,15510.13,1569.72,101.0
geoId-GLI,2022 ,15510.13,1590.98,103.0
geoId-HBH,2011,4608.7,802.18,174.06
geoId-HBH,2012,4608.7,808.43,175.41
geoId-HBH,2013,4608.7,812.75,176.35
geoId-HBH,2014,4608.7,819.62,177.84
geoId-HBH,2015,4608.7,828.6,179.79
geoId-HBH,2016,4590.7,837.0,182.33
geoId-HBH,2017,4590.6,845.0,184.07
geoId-HBH,2018,4590.6,850.4,185.25
geoId-HBH,2019 ,4590.6,855.8,186.0
geoId-HBH,2020 ,4590.3,861.22,188.0
geoId-HBH,2021 ,4590.3,871.72,190.0
geoId-HBH,2022 ,4590.3,875.38,191.0
geoId-HGG,2011,7914.9,749.54,94.7
geoId-HGG,2012,7914.9,763.5,96.46
geoId-HGG,2013,7914.9,778.96,98.42
geoId-HGG,2014,7914.9,792.47,100.12
geoId-HGG,2015,7914.9,806.7,101.92
geoId-HGG,2016,7929.2,820.4,103.47
geoId-HGG,2017,7929.5,833.7,105.14
geoId-HGG,2018,7929.5,846.5,106.75
geoId-HGG,2019 ,7929.5,858.1,108.0
geoId-HGG,2020 ,7927.6,870.24,110.0
geoId-HGG,2021 ,7927.55,887.09,112.0
geoId-HGG,2022 ,7927.55,892.72,113.0
geoId-HNM,2011,860.5,795.65,924.63
geoId-HNM,2012,860.5,800.81,930.63
geoId-HNM,2013,860.5,807.44,938.33
geoId-HNM,2014,862.0,815.07,945.56
geoId-HNM,2015,862.0,824.3,956.26
geoId-HNM,2016,862.0,832.2,965.43
geoId-HNM,2017,861.9,839.8,974.36
geoId-HNM,2018,861.9,847.1,982.83
geoId-HNM,2019 ,861.9,854.5,991.0
geoId-HNM,2020 ,861.93,861.83,1000.0
geoId-HNM,2021 ,861.93,875.22,1015.0
geoId-HNM,2022 ,861.93,878.0,1019.0
geoId-HNI,2011,3328.9,6825.82,2050.47
geoId-HNI,2012,3323.6,6991.43,2103.57
geoId-HNI,2013,3324.3,7128.39,2144.33
geoId-HNI,2014,3324.5,7285.53,2191.47
geoId-HNI,2015,3324.5,7433.6,2236.01
geoId-HNI,2016,3358.9,7590.8,2259.91
geoId-HNI,2017,3358.6,7742.2,2305.19
geoId-HNI,2018,3358.6,7914.5,2356.49
geoId-HNI,2019 ,3358.6,8093.9,2410.0
geoId-HNI,2020 ,3359.84,8246.54,2454.0
geoId-HNI,2021 ,3359.82,8330.83,2480.0
geoId-HNI,2022 ,3359.84,8435.65,2511.0
geoId-HTH,2011,5997.2,1236.71,206.21
geoId-HTH,2012,5997.8,1242.09,207.09
geoId-HTH,2013,5997.3,1247.56,208.02
geoId-HTH,2014,5997.8,1255.25,209.29
geoId-HTH,2015,5997.8,1261.3,210.29
geoId-HTH,2016,5990.6,1266.7,211.45
geoId-HTH,2017,5990.7,1274.2,212.7
geoId-HTH,2018,5990.7,1280.5,213.75
geoId-HTH,2019 ,5990.7,1290.3,215.0
geoId-HTH,2020 ,5994.5,1296.62,216.0
geoId-HTH,2021 ,5994.45,1314.06,219.0
geoId-HTH,2022 ,5994.45,1323.75,221.0
geoId-HYN,2011,926.0,1150.74,1242.7
geoId-HYN,2012,926.0,1162.91,1255.84
geoId-HYN,2013,926.0,1175.52,1269.46
geoId-HYN,2014,926.0,1188.65,1283.64
geoId-HYN,2015,926.0,1202.0,1298.06
geoId-HYN,2016,930.3,1215.5,1306.57
geoId-HYN,2017,930.2,1228.8,1321.01
geoId-HYN,2018,930.2,1242.4,1335.63
geoId-HYN,2019 ,930.2,1255.8,1350.0
geoId-HYN,2020 ,930.2,1269.09,1364.0
geoId-HYN,2021 ,930.2,1284.55,1381.0
geoId-HYN,2022 ,930.2,1290.85,1388.0
geoId-HDG,2011,1656.0,1747.83,1055.45
geoId-HDG,2012,1656.0,1767.83,1067.53
geoId-HDG,2013,1656.0,1779.67,1074.68
geoId-HDG,2014,1656.0,1795.79,1084.41
geoId-HDG,2015,1656.0,1812.8,1094.69
geoId-HDG,2016,1668.3,1832.8,1098.6
geoId-HDG,2017,1668.2,1850.6,1109.34
geoId-HDG,2018,1668.2,1877.7,1125.58
geoId-HDG,2019 ,1668.2,1896.9,1137.0
geoId-HDG,2020 ,1668.39,1916.77,1149.0
geoId-HDG,2021 ,1668.28,1936.78,1161.0
geoId-HDG,2022 ,1668.28,1946.82,1167.0
geoId-HPG,2011,1523.4,1886.2,1238.15
geoId-HPG,2012,1523.9,1912.94,1255.29
geoId-HPG,2013,1527.4,1932.17,1265.01
geoId-HPG,2014,1527.4,1950.71,1277.14
geoId-HPG,2015,1527.4,1969.5,1289.45
geoId-HPG,2016,1561.7,1985.3,1271.24
geoId-HPG,2017,1561.8,2001.4,1281.47
geoId-HPG,2018,1561.8,2016.4,1291.07
geoId-HPG,2019 ,1561.8,2033.3,1302.0
geoId-HPG,2020 ,1526.51,2053.49,1345.0
geoId-HPG,2021 ,1526.52,2072.39,1358.0
geoId-HPG,2022 ,1526.52,2088.02,1368.0
geoId-HGG,2011,1602.5,752.73,469.72
geoId-HGG,2012,1602.5,750.73,468.47
geoId-HGG,2013,1602.4,747.88,466.73
geoId-HGG,2014,1602.4,744.95,464.9
geoId-HGG,2015,1602.4,742.4,463.31
geoId-HGG,2016,1621.8,740.1,456.34
geoId-HGG,2017,1621.7,737.3,454.65
geoId-HGG,2018,1621.7,734.9,453.17
geoId-HGG,2019 ,1621.7,732.2,451.0
geoId-HGG,2020 ,1622.2,729.78,450.0
geoId-HGG,2021 ,1622.23,729.89,450.0
geoId-HGG,2022 ,1622.23,729.47,450.0
geoId-KHA,2011,5217.7,1170.24,224.28
geoId-KHA,2012,5217.7,1177.6,225.69
geoId-KHA,2013,5217.7,1184.92,227.1
geoId-KHA,2014,5217.7,1192.15,228.48
geoId-KHA,2015,5217.7,1198.4,229.68
geoId-KHA,2016,5137.7,1207.2,234.97
geoId-KHA,2017,5137.8,1216.3,236.74
geoId-KHA,2018,5137.8,1224.5,238.33
geoId-KHA,2019 ,5137.8,1232.8,240.0
geoId-KHA,2020 ,5199.6,1240.44,239.0
geoId-KHA,2021 ,5199.62,1248.06,240.0
geoId-KHA,2022 ,5199.62,1253.97,241.0
geoId-KGG,2011,6348.5,1694.45,266.91
geoId-KGG,2012,6348.5,1698.15,267.49
geoId-KGG,2013,6348.5,1701.11,267.95
geoId-KGG,2014,6348.5,1703.4,268.32
geoId-KGG,2015,6348.5,1705.4,268.63
geoId-KGG,2016,6348.7,1708.7,269.14
geoId-KGG,2017,6348.8,1712.9,269.8
geoId-KGG,2018,6348.8,1718.1,270.62
geoId-KGG,2019 ,6348.8,1723.7,272.0
geoId-KGG,2020 ,6352.0,1728.87,272.0
geoId-KGG,2021 ,6352.02,1752.32,276.0
geoId-KGG,2022 ,6352.92,1751.76,276.0
geoId-KTM,2011,9689.6,451.61,46.61
geoId-KTM,2012,9689.6,462.71,47.75
geoId-KTM,2013,9689.6,473.25,48.84
geoId-KTM,2014,9689.6,484.22,49.97
geoId-KTM,2015,9689.6,495.9,51.18
geoId-KTM,2016,9674.2,507.8,52.49
geoId-KTM,2017,9674.2,520.1,53.76
geoId-KTM,2018,9674.2,532.4,55.03
geoId-KTM,2019 ,9674.2,543.4,56.0
geoId-KTM,2020 ,9674.2,555.64,57.0
geoId-KTM,2021 ,9677.3,568.78,59.0
geoId-KTM,2022 ,9677.3,579.91,60.0
geoId-LCU,2011,9068.8,392.88,43.32
geoId-LCU,2012,9068.8,402.95,44.43
geoId-LCU,2013,9068.8,414.55,45.71
geoId-LCU,2014,9068.8,421.46,46.47
geoId-LCU,2015,9068.8,427.9,47.18
geoId-LCU,2016,9069.5,436.3,48.11
geoId-LCU,2017,9068.8,444.5,49.01
geoId-LCU,2018,9068.8,453.4,50.0
geoId-LCU,2019 ,9068.8,462.6,51.0
geoId-LCU,2020 ,9068.7,469.81,52.0
geoId-LCU,2021 ,9068.73,478.43,53.0
geoId-LCU,2022 ,9068.73,482.1,53.0
geoId-LAN,2011,4492.4,1504.08,334.81
geoId-LAN,2012,4492.4,1549.76,344.97
geoId-LAN,2013,4491.9,1587.85,353.49
geoId-LAN,2014,4495.0,1611.7,358.55
geoId-LAN,2015,4495.0,1626.2,361.78
geoId-LAN,2016,4494.8,1645.2,366.02
geoId-LAN,2017,4494.9,1662.3,369.82
geoId-LAN,2018,4494.9,1678.9,373.51
geoId-LAN,2019 ,4494.9,1695.1,377.0
geoId-LAN,2020 ,4494.8,1713.66,381.0
geoId-LAN,2021 ,4494.79,1725.75,384.0
geoId-LAN,2022 ,4494.78,1734.26,386.0
geoId-LCI,2011,6383.9,638.15,99.96
geoId-LCI,2012,6383.9,649.51,101.74
geoId-LCI,2013,6383.9,661.0,103.54
geoId-LCI,2014,6383.9,672.64,105.36
geoId-LCI,2015,6383.9,684.5,107.22
geoId-LCI,2016,6364.0,696.5,109.44
geoId-LCI,2017,6364.0,708.6,111.35
geoId-LCI,2018,6364.0,720.8,113.26
geoId-LCI,2019 ,6364.0,733.3,115.0
geoId-LCI,2020 ,6364.2,746.36,117.0
geoId-LCI,2021 ,6364.25,761.89,120.0
geoId-LCI,2022 ,6364.25,770.59,121.0
geoId-LDG,2011,9773.5,1217.24,124.54
geoId-LDG,2012,9773.5,1228.71,125.72
geoId-LDG,2013,9773.6,1239.86,126.86
geoId-LDG,2014,9773.5,1251.07,128.01
geoId-LDG,2015,9773.5,1261.4,129.06
geoId-LDG,2016,9783.2,1271.3,129.95
geoId-LDG,2017,9783.3,1281.3,130.97
geoId-LDG,2018,9783.3,1291.4,132.0
geoId-LDG,2019 ,9783.3,1299.3,133.0
geoId-LDG,2020 ,9781.2,1309.79,134.0
geoId-LDG,2021 ,9781.2,1321.84,135.0
geoId-LDG,2022 ,9781.2,1332.53,136.0
geoId-LSN,2011,8320.8,740.91,89.04
geoId-LSN,2012,8320.8,745.13,89.55
geoId-LSN,2013,8320.8,748.94,90.01
geoId-LSN,2014,8320.8,752.59,90.45
geoId-LSN,2015,8320.8,757.8,91.07
geoId-LSN,2016,8310.2,763.4,91.86
geoId-LSN,2017,8310.1,768.7,92.5
geoId-LSN,2018,8310.1,775.9,93.37
geoId-LSN,2019 ,8310.1,782.8,94.0
geoId-LSN,2020 ,8310.2,788.71,95.0
geoId-LSN,2021 ,8310.18,796.94,96.0
geoId-LSN,2022 ,8310.18,802.09,97.0
geoId-NDH,2011,1651.4,1816.81,1100.16
geoId-NDH,2012,1652.6,1811.5,1096.15
geoId-NDH,2013,1652.8,1806.41,1092.94
geoId-NDH,2014,1653.2,1801.54,1089.73
geoId-NDH,2015,1653.2,1796.9,1086.92
geoId-NDH,2016,1668.5,1792.5,1074.32
geoId-NDH,2017,1668.5,1788.2,1071.74
geoId-NDH,2018,1668.5,1784.2,1069.34
geoId-NDH,2019 ,1668.6,1780.9,1067.0
geoId-NDH,2020 ,1668.83,1780.33,1067.0
geoId-NDH,2021 ,1668.83,1836.27,1100.0
geoId-NDH,2022 ,1668.83,1876.85,1125.0
geoId-NAN,2011,16493.7,2996.14,181.65
geoId-NAN,2012,16490.9,3035.99,184.1
geoId-NAN,2013,16492.7,3076.38,186.53
geoId-NAN,2014,16490.0,3116.33,188.98
geoId-NAN,2015,16490.0,3160.6,191.67
geoId-NAN,2016,16481.7,3203.1,194.34
geoId-NAN,2017,16481.6,3246.7,196.99
geoId-NAN,2018,16481.6,3291.4,199.7
geoId-NAN,2019 ,16481.4,3337.2,202.0
geoId-NAN,2020 ,16486.5,3365.2,204.0
geoId-NAN,2021 ,16486.5,3409.81,207.0
geoId-NAN,2022 ,16486.49,3419.99,207.0
geoId-NBH,2011,1390.3,911.69,655.75
geoId-NBH,2012,1376.7,920.99,668.98
geoId-NBH,2013,1378.1,930.03,674.87
geoId-NBH,2014,1377.6,939.31,681.85
geoId-NBH,2015,1377.6,948.5,688.52
geoId-NBH,2016,1386.8,956.8,689.93
geoId-NBH,2017,1386.8,965.4,696.13
geoId-NBH,2018,1386.8,974.7,702.84
geoId-NBH,2019 ,1386.8,984.5,710.0
geoId-NBH,2020 ,1387.1,993.92,717.0
geoId-NBH,2021 ,1411.78,1007.57,714.0
geoId-NBH,2022 ,1411.78,1010.7,716.0
geoId-NTN,2011,3358.3,567.85,169.09
geoId-NTN,2012,3358.3,571.31,170.12
geoId-NTN,2013,3358.3,573.28,170.71
geoId-NTN,2014,3358.3,575.42,171.34
geoId-NTN,2015,3358.3,578.3,172.2
geoId-NTN,2016,3355.2,581.5,173.31
geoId-NTN,2017,3355.3,585.4,174.47
geoId-NTN,2018,3355.3,588.9,175.51
geoId-NTN,2019 ,3355.3,591.0,176.0
geoId-NTN,2020 ,3355.3,593.64,177.0
geoId-NTN,2021 ,3355.34,596.05,178.0
geoId-NTN,2022 ,3355.7,598.68,178.0
geoId-PTO,2011,3533.4,1329.34,376.22
geoId-PTO,2012,3533.4,1340.81,379.47
geoId-PTO,2013,3533.3,1355.24,383.56
geoId-PTO,2014,3533.3,1373.67,388.78
geoId-PTO,2015,3533.3,1392.3,394.05
geoId-PTO,2016,3534.4,1409.0,398.65
geoId-PTO,2017,3534.6,1430.5,404.71
geoId-PTO,2018,3534.6,1449.6,410.12
geoId-PTO,2019 ,3534.6,1466.4,415.0
geoId-PTO,2020 ,3534.6,1481.88,419.0
geoId-PTO,2021 ,3534.56,1507.54,427.0
geoId-PTO,2022 ,3534.56,1516.92,429.0
geoId-PYN,2011,5060.6,863.96,170.72
geoId-PYN,2012,5060.6,864.87,170.9
geoId-PYN,2013,5060.5,865.28,170.99
geoId-PYN,2014,5060.6,865.67,171.06
geoId-PYN,2015,5060.6,866.2,171.17
geoId-PYN,2016,5023.5,868.2,172.83
geoId-PYN,2017,5023.4,870.0,173.19
geoId-PYN,2018,5023.4,871.5,173.49
geoId-PYN,2019 ,5023.4,873.2,174.0
geoId-PYN,2020 ,5026.0,874.3,174.0
geoId-PYN,2021 ,5025.96,875.54,174.0
geoId-PYN,2022 ,5025.96,876.62,174.0
geoId-QBH,2011,8065.3,854.57,105.96
geoId-QBH,2012,8065.3,859.79,106.6
geoId-QBH,2013,8065.3,865.02,107.25
geoId-QBH,2014,8065.3,870.49,107.93
geoId-QBH,2015,8065.3,875.6,108.56
geoId-QBH,2016,8000.1,880.6,110.07
geoId-QBH,2017,8000.0,885.7,110.71
geoId-QBH,2018,8000.0,891.1,111.39
geoId-QBH,2019 ,8000.0,896.6,112.0
geoId-QBH,2020 ,7998.8,901.98,113.0
geoId-QBH,2021 ,7998.76,910.66,114.0
geoId-QBH,2022 ,7998.76,913.86,114.0
geoId-QNM,2011,10438.4,1436.83,137.65
geoId-QNM,2012,10438.4,1443.98,138.33
geoId-QNM,2013,10438.4,1451.37,139.04
geoId-QNM,2014,10438.4,1459.79,139.85
geoId-QNM,2015,10438.4,1468.2,140.65
geoId-QNM,2016,10575.0,1475.7,139.55
geoId-QNM,2017,10574.7,1483.3,140.27
geoId-QNM,2018,10574.7,1490.8,140.98
geoId-QNM,2019 ,10574.7,1497.5,142.0
geoId-QNM,2020 ,10574.9,1505.04,142.0
geoId-QNM,2021 ,10574.86,1518.48,144.0
geoId-QNM,2022 ,10574.86,1519.38,144.0
geoId-QNI,2011,5153.0,1220.12,236.78
geoId-QNI,2012,5153.0,1221.83,237.11
geoId-QNI,2013,5152.0,1223.05,237.39
geoId-QNI,2014,5152.7,1224.52,237.65
geoId-QNI,2015,5152.7,1226.2,237.97
geoId-QNI,2016,5152.3,1227.5,238.24
geoId-QNI,2017,5152.5,1228.9,238.51
geoId-QNI,2018,5155.8,1230.5,238.66
geoId-QNI,2019 ,5155.8,1231.9,239.0
geoId-QNI,2020 ,5155.2,1233.4,239.0
geoId-QNI,2021 ,5155.25,1244.13,241.0
geoId-QNI,2022 ,5155.25,1245.65,242.0
geoId-QNH,2011,6102.4,1181.53,193.62
geoId-QNH,2012,6102.3,1198.39,196.38
geoId-QNH,2013,6102.4,1209.58,198.21
geoId-QNH,2014,6102.3,1227.67,201.18
geoId-QNH,2015,6102.3,1241.6,203.46
geoId-QNH,2016,6177.7,1261.2,204.15
geoId-QNH,2017,6177.8,1285.2,208.04
geoId-QNH,2018,6178.2,1303.9,211.05
geoId-QNH,2019 ,6178.2,1324.8,214.0
geoId-QNH,2020 ,6206.9,1337.61,216.0
geoId-QNH,2021 ,6207.79,1350.85,218.0
geoId-QNH,2022 ,6207.93,1362.88,220.0
geoId-QTI,2011,4739.8,604.72,127.58
geoId-QTI,2012,4739.8,607.77,128.23
geoId-QTI,2013,4739.8,611.0,128.91
geoId-QTI,2014,4739.8,614.37,129.62
geoId-QTI,2015,4739.8,617.9,130.36
geoId-QTI,2016,4621.8,621.6,134.49
geoId-QTI,2017,4621.7,625.4,135.32
geoId-QTI,2018,4621.7,629.7,136.25
geoId-QTI,2019 ,4621.7,633.4,137.0
geoId-QTI,2020 ,4701.2,637.39,136.0
geoId-QTI,2021 ,4701.23,647.79,138.0
geoId-QTI,2022 ,4701.23,650.95,138.0
geoId-STG,2011,3311.6,1273.93,384.69
geoId-STG,2012,3311.6,1266.42,382.42
geoId-STG,2013,3311.6,1254.98,378.96
geoId-STG,2014,3311.6,1245.61,376.13
geoId-STG,2015,3311.6,1236.3,373.32
geoId-STG,2016,3311.9,1227.6,370.66
geoId-STG,2017,3311.9,1218.3,367.86
geoId-STG,2018,3311.9,1208.8,364.99
geoId-STG,2019 ,3311.9,1199.5,362.0
geoId-STG,2020 ,3298.2,1195.74,363.0
geoId-STG,2021 ,3298.2,1206.82,366.0
geoId-STG,2022 ,3298.2,1197.82,363.0
geoId-SLA,2011,14174.4,1115.21,78.68
geoId-SLA,2012,14174.4,1129.87,79.71
geoId-SLA,2013,14174.4,1143.91,80.7
geoId-SLA,2014,14174.4,1159.74,81.82
geoId-SLA,2015,14174.4,1177.4,83.07
geoId-SLA,2016,14123.5,1194.9,84.6
geoId-SLA,2017,14123.5,1213.4,85.91
geoId-SLA,2018,14123.5,1233.1,87.31
geoId-SLA,2019 ,14123.5,1252.7,89.0
geoId-SLA,2020 ,14109.8,1270.56,90.0
geoId-SLA,2021 ,14109.83,1287.72,91.0
geoId-SLA,2022 ,14109.83,1300.13,92.0
geoId-THA,2011,11131.9,3427.59,307.91
geoId-THA,2012,11132.2,3449.44,309.86
geoId-THA,2013,11130.5,3484.77,313.08
geoId-THA,2014,11129.5,3507.09,315.12
geoId-THA,2015,11129.5,3537.0,317.8
geoId-THA,2016,11114.5,3570.8,321.27
geoId-THA,2017,11114.7,3603.7,324.23
geoId-THA,2018,11114.6,3631.3,326.71
geoId-THA,2019 ,11114.6,3645.8,328.0
geoId-THA,2020 ,11114.7,3664.94,330.0
geoId-THA,2021 ,11114.71,3716.43,334.0
geoId-THA,2022 ,11114.71,3722.06,335.0
geoId-TBH,2011,1570.0,1798.66,1145.65
geoId-TBH,2012,1570.0,1806.48,1150.63
geoId-TBH,2013,1570.5,1815.04,1155.71
geoId-TBH,2014,1570.8,1822.43,1160.19
geoId-TBH,2015,1570.8,1830.3,1165.2
geoId-TBH,2016,1586.5,1838.1,1158.59
geoId-TBH,2017,1586.3,1846.1,1163.78
geoId-TBH,2018,1586.4,1854.1,1168.75
geoId-TBH,2019 ,1586.4,1862.2,1174.0
geoId-TBH,2020 ,1584.6,1870.24,1180.0
geoId-TBH,2021 ,1584.61,1875.66,1184.0
geoId-TBH,2022 ,1584.61,1878.54,1185.0
geoId-TNN,2011,3531.7,1139.44,322.63
geoId-TNN,2012,3534.7,1149.08,325.09
geoId-TNN,2013,3536.4,1155.99,326.88
geoId-TNN,2014,3533.2,1198.17,339.12
geoId-TNN,2015,3533.2,1230.8,348.35
geoId-TNN,2016,3526.7,1242.8,352.4
geoId-TNN,2017,3526.6,1256.1,356.18
geoId-TNN,2018,3526.6,1273.6,361.14
geoId-TNN,2019 ,3526.6,1290.9,366.0
geoId-TNN,2020 ,3522.0,1307.87,371.0
geoId-TNN,2021 ,3521.96,1323.15,376.0
geoId-TNN,2022 ,3521.97,1335.99,379.0
geoId-TTH,2011,5033.2,1100.77,218.7
geoId-TTH,2012,5033.2,1105.78,219.7
geoId-TTH,2013,5033.2,1109.8,220.5
geoId-TTH,2014,5033.2,1111.58,220.85
geoId-TTH,2015,5033.2,1114.7,221.47
geoId-TTH,2016,4902.4,1118.0,228.05
geoId-TTH,2017,4902.5,1123.4,229.15
geoId-TTH,2018,4902.4,1125.4,229.56
geoId-TTH,2019 ,4902.4,1129.5,230.0
geoId-TTH,2020 ,4947.1,1133.59,229.0
geoId-TTH,2021 ,4947.11,1153.8,233.0
geoId-TTH,2022 ,4947.11,1160.22,235.0
geoId-TGG,2011,2508.3,1682.6,670.81
geoId-TGG,2012,2508.3,1692.46,674.74
geoId-TGG,2013,2508.6,1705.77,679.97
geoId-TGG,2014,2509.3,1716.09,683.89
geoId-TGG,2015,2509.3,1728.7,688.92
geoId-TGG,2016,2510.5,1740.1,693.13
geoId-TGG,2017,2510.6,1751.8,697.76
geoId-TGG,2018,2510.6,1759.1,700.67
geoId-TGG,2019 ,2510.6,1766.3,704.0
geoId-TGG,2020 ,2556.4,1772.54,693.0
geoId-TGG,2021 ,2556.36,1779.42,696.0
geoId-TGG,2022 ,2556.36,1785.24,698.0
geoId-HCM,2011,2095.6,7613.43,3633.05
geoId-HCM,2012,2095.6,7789.87,3717.25
geoId-HCM,2013,2095.6,7974.02,3805.12
geoId-HCM,2014,2095.5,8135.91,3882.56
geoId-HCM,2015,2095.5,8307.9,3964.64
geoId-HCM,2016,2061.4,8479.1,4113.27
geoId-HCM,2017,2061.2,8649.6,4196.39
geoId-HCM,2018,2061.4,8843.2,4289.9
geoId-HCM,2019 ,2061.4,9038.6,4385.0
geoId-HCM,2020 ,2095.4,9227.6,4404.0
geoId-HCM,2021 ,2095.39,9166.84,4375.0
geoId-HCM,2022 ,2095.39,9389.72,4481.0
geoId-NT,2011,95264.4,11311.41,118.74
geoId-NT,2012,95272.3,11441.84,120.1
geoId-NT,2013,95274.7,11574.49,121.49
geoId-NT,2014,95266.8,11739.21,123.22
geoId-NT,2015,95266.8,11907.0,124.99
geoId-NT,2016,95222.3,12061.1,126.66
geoId-NT,2017,95222.1,12230.8,128.44
geoId-NT,2018,95222.2,12404.9,130.27
geoId-NT,2019 ,95221.9,12569.3,132.0
geoId-NT,2020 ,95184.1,12725.78,134.0
geoId-NT,2021 ,95184.14,12925.07,136.0
geoId-NT,2022 ,95184.16,13023.19,137.0
geoId-TVH,2011,2341.2,1004.35,428.99
geoId-TVH,2012,2341.2,1005.12,429.32
geoId-TVH,2013,2341.2,1005.62,429.53
geoId-TVH,2014,2341.2,1006.24,429.8
geoId-TVH,2015,2341.2,1006.9,430.08
geoId-TVH,2016,2358.2,1007.6,427.28
geoId-TVH,2017,2358.3,1008.1,427.47
geoId-TVH,2018,2358.3,1008.8,427.77
geoId-TVH,2019 ,2358.3,1009.3,428.0
geoId-TVH,2020 ,2390.8,1009.94,422.0
geoId-TVH,2021 ,2390.76,1018.63,426.0
geoId-TVH,2022 ,2390.77,1019.26,426.0
geoId-TQG,2011,5867.3,733.6,125.03
geoId-TQG,2012,5867.3,738.53,125.87
geoId-TQG,2013,5867.3,743.37,126.7
geoId-TQG,2014,5867.3,749.59,127.76
geoId-TQG,2015,5867.3,756.2,128.88
geoId-TQG,2016,5867.9,763.4,130.1
geoId-TQG,2017,5867.9,770.5,131.31
geoId-TQG,2018,5867.9,778.3,132.64
geoId-TQG,2019 ,5867.9,786.3,134.0
geoId-TQG,2020 ,5867.9,792.9,135.0
geoId-TQG,2021 ,5867.95,801.67,137.0
geoId-TQG,2022 ,5867.95,805.78,137.0
geoId-TNN,2011,54641.0,5278.04,96.59
geoId-TNN,2012,54641.1,5358.01,98.06
geoId-TNN,2013,54641.1,5438.74,99.54
geoId-TNN,2014,54641.0,5509.2,100.83
geoId-TNN,2015,54641.0,5584.3,102.2
geoId-TNN,2016,54508.0,5657.1,103.78
geoId-TNN,2017,54508.3,5725.5,105.04
geoId-TNN,2018,54508.3,5796.4,106.34
geoId-TNN,2019 ,54508.3,5861.3,108.0
geoId-TNN,2020 ,54545.2,5932.11,109.0
geoId-TNN,2021 ,54548.31,6033.76,111.0
geoId-TNN,2022 ,54548.31,6092.43,112.0
geoId-TNH,2011,4039.7,1090.06,269.84
geoId-TNH,2012,4039.7,1103.41,273.14
geoId-TNH,2013,4032.6,1111.4,275.6
geoId-TNH,2014,4032.6,1120.73,277.92
geoId-TNH,2015,4032.6,1129.9,280.19
geoId-TNH,2016,4041.4,1139.6,281.98
geoId-TNH,2017,4041.3,1151.1,284.83
geoId-TNH,2018,4041.3,1160.7,287.21
geoId-TNH,2019 ,4041.3,1171.7,290.0
geoId-TNH,2020 ,4041.7,1178.33,292.0
geoId-TNH,2021 ,4041.65,1181.91,292.0
geoId-TNH,2022 ,4041.65,1188.76,294.0
geoId-VLG,2011,1496.8,1024.85,684.69
geoId-VLG,2012,1504.9,1022.6,679.52
geoId-VLG,2013,1520.2,1023.84,673.49
geoId-VLG,2014,1520.2,1023.75,673.43
geoId-VLG,2015,1520.2,1023.2,673.07
geoId-VLG,2016,1525.6,1022.8,670.42
geoId-VLG,2017,1525.7,1022.6,670.25
geoId-VLG,2018,1525.7,1022.7,670.32
geoId-VLG,2019 ,1525.7,1022.6,670.0
geoId-VLG,2020 ,1525.7,1022.97,670.0
geoId-VLG,2021 ,1525.73,1029.02,674.0
geoId-VLG,2022 ,1525.73,1028.82,674.0
geoId-VPC,2011,1236.5,1029.5,832.59
geoId-VPC,2012,1236.5,1047.39,847.06
geoId-VPC,2013,1238.6,1061.5,857.02
geoId-VPC,2014,1237.5,1076.82,870.16
geoId-VPC,2015,1237.5,1090.4,881.13
geoId-VPC,2016,1235.3,1106.1,895.41
geoId-VPC,2017,1235.2,1123.1,909.25
geoId-VPC,2018,1235.2,1138.4,921.63
geoId-VPC,2019 ,1235.9,1154.8,934.0
geoId-VPC,2020 ,1236.0,1171.2,948.0
geoId-VPC,2021 ,1236.0,1191.78,964.0
geoId-VPC,2022 ,1236.0,1197.62,969.0
geoId-YBI,2011,6886.3,758.65,110.17
geoId-YBI,2012,6886.3,765.69,111.19
geoId-YBI,2013,6886.3,774.58,112.48
geoId-YBI,2014,6886.3,783.53,113.78
geoId-YBI,2015,6886.3,793.1,115.17
geoId-YBI,2016,6887.6,800.3,116.19
geoId-YBI,2017,6887.7,807.3,117.21
geoId-YBI,2018,6887.7,814.6,118.27
geoId-YBI,2019 ,6887.5,823.0,119.0
geoId-YBI,2020 ,6892.7,831.59,121.0
geoId-YBI,2021 ,6892.67,842.67,122.0
geoId-YBI,2022 ,6892.67,847.25,123.0
geoId-DBN,2011,9562.9,512.8,53.62
geoId-DBN,2012,9562.9,523.88,54.78
geoId-DBN,2013,9562.9,534.97,55.94
geoId-DBN,2014,9562.9,546.06,57.1
geoId-DBN,2015,9562.9,557.1,58.26
geoId-DBN,2016,9540.9,568.3,59.56
geoId-DBN,2017,9541.3,579.4,60.73
geoId-DBN,2018,9541.2,590.5,61.89
geoId-DBN,2019 ,9541.3,601.7,63.0
geoId-DBN,2020 ,9539.9,613.48,64.0
geoId-DBN,2021 ,9539.92,625.09,66.0
geoId-DBN,2022 ,9539.93,635.92,67.0
geoId-DNG,2011,1285.4,968.65,753.58
geoId-DNG,2012,1285.4,996.29,775.08
geoId-DNG,2013,1285.4,1017.33,791.45
geoId-DNG,2014,1285.4,1033.93,804.37
geoId-DNG,2015,1285.4,1056.3,821.77
geoId-DNG,2016,1284.7,1080.3,840.9
geoId-DNG,2017,1284.9,1097.8,854.39
geoId-DNG,2018,1284.9,1114.4,867.3
geoId-DNG,2019 ,1284.9,1141.1,888.0
geoId-DNG,2020 ,1284.7,1169.48,910.0
geoId-DNG,2021 ,1284.73,1195.49,931.0
geoId-DNG,2022 ,1284.73,1220.19,950.0
geoId-ST,2011,23597.9,15005.55,635.89
geoId-ST,2012,23598.0,15371.24,651.38
geoId-ST,2013,23590.8,15730.65,666.81
geoId-ST,2014,23590.7,16093.51,682.2
geoId-ST,2015,23590.7,16448.5,697.25
geoId-ST,2016,23552.6,16789.2,712.84
geoId-ST,2017,23552.6,17132.6,727.42
geoId-ST,2018,23552.8,17527.4,744.17
geoId-ST,2019 ,23552.8,17930.3,761.0
geoId-ST,2020 ,23551.4,18342.89,779.0
geoId-ST,2021 ,23551.41,18315.0,778.0
geoId-ST,2022 ,23551.42,18810.77,799.0
geoId-DLK,2011,13125.4,1760.42,134.12
geoId-DLK,2012,13125.4,1777.26,135.41
geoId-DLK,2013,13125.4,1794.56,136.72
geoId-DLK,2014,13125.4,1805.83,137.58
geoId-DLK,2015,13125.4,1820.1,138.67
geoId-DLK,2016,13030.5,1836.4,140.93
geoId-DLK,2017,13030.5,1850.3,142.0
geoId-DLK,2018,13030.5,1861.5,142.86
geoId-DLK,2019 ,13030.5,1872.6,144.0
geoId-DLK,2020 ,13070.4,1886.94,144.0
geoId-DLK,2021 ,13070.41,1909.0,146.0
geoId-DLK,2022 ,13070.41,1918.44,147.0
geoId-DNG1,2011,6515.6,512.67,78.68
geoId-DNG1,2012,6515.6,529.37,81.25
geoId-DNG1,2013,6515.6,548.1,84.12
geoId-DNG1,2014,6515.6,564.96,86.71
geoId-DNG1,2015,6515.6,580.5,89.09
geoId-DNG1,2016,6509.3,594.4,91.32
geoId-DNG1,2017,6509.3,604.9,92.93
geoId-DNG1,2018,6509.3,615.4,94.54
geoId-DNG1,2019 ,6509.3,625.8,96.0
geoId-DNG1,2020 ,6509.3,637.91,98.0
geoId-DNG1,2021 ,6509.27,664.42,102.0
geoId-DNG1,2022 ,6509.27,670.56,103.0
geoId-MRD,2011,40548.2,17217.72,424.62
geoId-MRD,2012,40553.1,17252.6,425.43
geoId-MRD,2013,40572.0,17269.94,425.66
geoId-MRD,2014,40576.0,17269.81,425.62
geoId-MRD,2015,40576.0,17266.7,425.54
geoId-MRD,2016,40816.3,17271.6,423.15
geoId-MRD,2017,40816.3,17279.5,423.35
geoId-MRD,2018,40816.4,17280.7,423.38
geoId-MRD,2019 ,40816.4,17282.5,423.0
geoId-MRD,2020 ,40921.7,17318.55,423.0
geoId-MRD,2021 ,40921.7,17422.62,426.0
geoId-MRD,2022 ,40922.58,17432.1,426.0
geoId-RRD,2011,21068.1,20216.81,959.59
geoId-RRD,2012,21050.9,20525.36,975.03
geoId-RRD,2013,21059.3,20785.63,987.0
geoId-RRD,2014,21060.0,21080.59,1000.98
geoId-RRD,2015,21060.0,21368.4,1014.64
geoId-RRD,2016,21260.3,21669.2,1019.23
geoId-RRD,2017,21259.6,21968.6,1033.35
geoId-RRD,2018,21260.0,22290.7,1048.48
geoId-RRD,2019 ,21260.8,22620.2,1064.0
geoId-RRD,2020 ,21254.6,22920.18,1078.0
geoId-RRD,2021 ,21278.46,23224.84,1091.0
geoId-RRD,2022 ,21278.63,23454.2,1102.0
geoId-DNI,2011,5907.2,2661.78,450.6
geoId-DNI,2012,5907.2,2719.05,460.29
geoId-DNI,2013,5907.2,2771.42,469.16
geoId-DNI,2014,5907.2,2831.29,479.29
geoId-DNI,2015,5907.2,2890.0,489.23
geoId-DNI,2016,5863.6,2951.4,503.34
geoId-DNI,2017,5863.6,3004.9,512.47
geoId-DNI,2018,5863.6,3055.1,521.03
geoId-DNI,2019 ,5863.6,3113.7,531.0
geoId-DNI,2020 ,5863.6,3177.4,542.0
geoId-DNI,2021 ,5863.62,3169.1,540.0
geoId-DNI,2022 ,5863.62,3255.81,555.0
geoId-DTP,2011,3377.0,1653.23,489.56
geoId-DTP,2012,3377.0,1646.17,487.46
geoId-DTP,2013,3378.8,1639.21,485.15
geoId-DTP,2014,3378.8,1632.37,483.12
geoId-DTP,2015,3378.8,1625.6,481.12
geoId-DTP,2016,3384.0,1619.0,478.43
geoId-DTP,2017,3383.8,1612.5,476.54
geoId-DTP,2018,3383.8,1606.1,474.64
geoId-DTP,2019 ,3383.8,1598.8,472.0
geoId-DTP,2020 ,3382.3,1600.01,473.0
geoId-DTP,2021 ,3382.28,1601.31,473.0
geoId-DTP,2022 ,3382.28,1600.17,473.0
